<visualizations>
    <visualization-list name="ajax" show-in-web="true" view-mode="51">
        <visualization id="VitaraHCBarChart" desc="Vitara Bar Chart" scope="19" projects="" style-name="HCBarChart" is-mojo="true" attribute-minimum="1" metric-minimum="1" drop-zones="plugins.VitaraCharts.v460750.dropZones.VitaraGenericDrillDropZones" widget-type="7"/>
        <visualization id="VitaraHCStackedBarChart" desc="Vitara Stacked Bar Chart" scope="19" projects="" style-name="HCStackedBarChart" is-mojo="true" attribute-minimum="1" metric-minimum="1" drop-zones="plugins.VitaraCharts.v460750.dropZones.VitaraHCStackedDropZones" widget-type="7"/>
        <visualization id="VitaraHCColumnChart" desc="Vitara Column Chart" scope="19" projects="" style-name="HCColumnChart" is-mojo="true" attribute-minimum="1" metric-minimum="1" drop-zones="plugins.VitaraCharts.v460750.dropZones.VitaraGenericDrillDropZones" widget-type="7"/>
        <visualization id="VitaraHCStackedColumnChart" desc="Vitara Stacked Column Chart" scope="19" projects="" style-name="HCStackedColumnChart" is-mojo="true" attribute-minimum="1" metric-minimum="1" drop-zones="plugins.VitaraCharts.v460750.dropZones.VitaraHCStackedDropZones" widget-type="7"/>
        <visualization id="VitaraHCPieChart" desc="Vitara Pie Chart" scope="19" projects="" style-name="HCPieChart" is-mojo="true" attribute-minimum="1" metric-minimum="1" drop-zones="plugins.VitaraCharts.v460750.dropZones.VitaraHCPieDropZones" widget-type="7"/>
        <visualization id="VitaraHCKPIRingChart" desc="Vitara KPIRing Chart" scope="19" projects="" style-name="HCKPIRingChart" is-mojo="true" attribute-minimum="0" metric-minimum="1" drop-zones="plugins.VitaraCharts.v460750.dropZones.VitaraHCKPIRingDropZones" widget-type="7"/>
        <visualization id="VitaraHCLineChart" desc="Vitara Line Chart" scope="19" projects="" style-name="HCLineChart" is-mojo="true" attribute-minimum="1" metric-minimum="1" drop-zones="plugins.VitaraCharts.v460750.dropZones.VitaraGenericDrillDropZones" widget-type="7"/>
        <visualization id="VitaraHCAreaChart" desc="Vitara Area Chart" scope="19" projects="" style-name="HCAreaChart" is-mojo="true" attribute-minimum="1" metric-minimum="1" drop-zones="plugins.VitaraCharts.v460750.dropZones.VitaraGenericSeriesDropZones" widget-type="7"/>
        <visualization id="VitaraHCBubbleChart" desc="Vitara Bubble Chart" scope="19" projects="" style-name="HCBubbleChart" is-mojo="true" attribute-minimum="1" metric-minimum="3" drop-zones="plugins.VitaraCharts.v460750.dropZones.VitaraHCBubbleDropZones" widget-type="7"/>
        <visualization id="VitaraHCTornadoChart" desc="Vitara Tornado Chart" scope="19" projects="" style-name="HCTornadoChart" is-mojo="true" attribute-minimum="1" metric-minimum="2" drop-zones="plugins.VitaraCharts.v460750.dropZones.VitaraHCTornadoDropZones" widget-type="7"/>
        <visualization id="VitaraHCSpacerChart" desc="Vitara Text" scope="19" projects="" style-name="HCSpacer" is-mojo="true" attribute-minimum="0" metric-minimum="0" drop-zones="plugins.VitaraCharts.v460750.dropZones.VitaraTextNodeDropZones" widget-type="7"/>
        <visualization id="VitaraHCSparklineChart" desc="Vitara Sparkline Chart" scope="19" projects="" style-name="HCSparklineChart" is-mojo="true" attribute-minimum="1" metric-minimum="1" drop-zones="plugins.VitaraCharts.v460750.dropZones.VitaraGenericSeriesDropZones" widget-type="7"/>
        <visualization id="VitaraHCHeatmapChart" desc="Vitara Heatmap Chart" scope="19" projects="" style-name="HCHeatmapChart" is-mojo="true" attribute-minimum="2" metric-minimum="1" drop-zones="plugins.VitaraCharts.v460750.dropZones.VitaraHCHeatMapDropZones" widget-type="7"/>
        <visualization id="VitaraHCFunnelChart" desc="Vitara Funnel Chart" scope="19" projects="" style-name="HCFunnelChart" is-mojo="true" attribute-minimum="1" metric-minimum="1" drop-zones="plugins.VitaraCharts.v460750.dropZones.VitaraHCFunnelDropZones" widget-type="7"/>
        <visualization id="VitaraHCColumnRangeChart" desc="Vitara ColumnRange Chart" scope="19" projects="" style-name="HCColumnRangeChart" is-mojo="true" attribute-minimum="1" metric-minimum="2" drop-zones="plugins.VitaraCharts.v460750.dropZones.VitaraHCColumnRangeDropZones" widget-type="7"/>
        <visualization id="VitaraHCBulletChart" desc="Vitara Bullet Chart" scope="19" projects="" style-name="HCBulletChart" is-mojo="true" attribute-minimum="1" metric-minimum="1" drop-zones="plugins.VitaraCharts.v460750.dropZones.VitaraHCBulletDropZones" widget-type="7"/>
        <visualization id="VitaraHCWaterfallChart" desc="Vitara Waterfall Chart" scope="19" projects="" style-name="HCWaterfallChart" is-mojo="true" attribute-minimum="0" metric-minimum="1" drop-zones="plugins.VitaraCharts.v460750.dropZones.VitaraHCWaterfallDropZones" widget-type="7"/>
        <visualization id="VitaraD3KPIAnimationChart" desc="Vitara KPI Animation Chart" scope="19" projects="" style-name="D3KPIAnimationChart" is-mojo="true" attribute-minimum="0" metric-minimum="2" drop-zones="plugins.VitaraCharts.v460750.dropZones.VitaraD3KPIAnimationDropZones" widget-type="7"/>
        <visualization id="VitaraD3CalHeatMapChart" desc="Vitara Calender Heatmap" scope="19" projects="" style-name="VitaraD3CalHeatMapChart" is-mojo="true" attribute-minimum="1" metric-minimum="1" drop-zones="plugins.VitaraCharts.v460750.dropZones.VitaraD3CalHeatMapDropZones" widget-type="7"/>
        <visualization id="VitaraHCTrellisChart" desc="Vitara HC Trellis Chart" scope="19" projects="" style-name="VitaraHCTrellisChart" is-mojo="true" attribute-minimum="2" metric-minimum="1" drop-zones="plugins.VitaraCharts.v460750.dropZones.VitaraHCTrellisDropZones" widget-type="7"/>
        <visualization id="VitaraSimpleKPIChart" desc="Vitara Simple KPI Chart" scope="19" projects="" style-name="SimpleKPIChart" is-mojo="true" attribute-minimum="0" metric-minimum="2" drop-zones="plugins.VitaraCharts.v460750.dropZones.VitaraSimpleKPIDropZones" widget-type="7"/>
        <visualization id="VitaraGridChart" desc="Vitara Grid Chart" scope="19" projects="" style-name="GridChart" is-mojo="true" attribute-minimum="0" metric-minimum="0" drop-zones="plugins.VitaraCharts.v460750.dropZones.VitaraGridDropZones" widget-type="7"/>
        <visualization id="VitaraMekkoChart" desc="Vitara Mekko Chart" scope="19" projects="" style-name="VitaraMekkoChart" is-mojo="true" attribute-minimum="1" metric-minimum="1" drop-zones="plugins.VitaraCharts.v460750.dropZones.VitaraHCMekkoDropZones" widget-type="7"/>
        <!-- <visualization id="VitaraWordCloud" desc="Vitara Word Cloud" scope="19" projects="" style-name="VitaraD3WordCloudStyle" is-mojo="true" attribute-minimum="1" metric-minimum="1" drop-zones="plugins.VitaraCharts.v460750.dropZones.VitaraD3WordCloudDropZones" widget-type="7"/> -->
        <visualization id="VitaraHCWordCloud" desc="Vitara Word Cloud" scope="19" projects="" style-name="VitaraD3WordCloudStyle" is-mojo="true" attribute-minimum="1" metric-minimum="1" drop-zones="plugins.VitaraCharts.v460750.dropZones.VitaraD3WordCloudDropZones" widget-type="7"/>
        <!-- <visualization id="VitaraHCWordCloud" desc="Vitara Word Cloud" scope="19" projects="" style-name="VitaraWordCloudStyle" is-mojo="true" attribute-minimum="1" metric-minimum="1" drop-zones="plugins.VitaraCharts.v460750.dropZones.VitaraD3WordCloudDropZones" widget-type="7"/> -->
        <visualization id="VitaraMicroChart" desc="Vitara Micro Chart" scope="19" projects="" style-name="VitaraMicroChart" is-mojo="true" attribute-minimum="2" metric-minimum="1" drop-zones="plugins.VitaraCharts.v460750.dropZones.VitaraMicroChartDropZones" widget-type="7"/>
        <visualization id="VitaraD3WaffleChart" desc="Vitara Waffle Chart" scope="19" projects="" style-name="D3WaffleChart" is-mojo="true" attribute-minimum="1" metric-minimum="1" drop-zones="plugins.VitaraCharts.v460750.dropZones.VitaraD3WaffleDropZones" widget-type="7"/>
        <visualization id="VitaraHCHistogramChart" desc="Vitara Histogram Chart" scope="19" projects="" style-name="HCHistogramChart" is-mojo="true" attribute-minimum="1" metric-minimum="1" drop-zones="plugins.VitaraCharts.v460750.dropZones.VitaraHCHistogramDropZones" widget-type="7"/>
        <visualization id="VitaraHCDumbbellChart" desc="Vitara Dumbbell Chart" scope="19" projects="" style-name="HCDumbbellChart" is-mojo="true" attribute-minimum="1" metric-minimum="2" drop-zones="plugins.VitaraCharts.v460750.dropZones.VitaraHCDumbbellDropZones" widget-type="7"/>
        <visualization id="VitaraHCSlopeChart" desc="Vitara Slope Chart" scope="19" projects="" style-name="HCSlopeChart" is-mojo="true" attribute-minimum="1" metric-minimum="2" drop-zones="plugins.VitaraCharts.v460750.dropZones.VitaraHCSlopeDropZones" widget-type="7"/>
        <visualization id="VitaraD3CirclePackingChart" desc="Vitara Packed Bubble Chart" scope="19" projects="" style-name="D3CirclePackingChart" is-mojo="true" attribute-minimum="1" metric-minimum="1" drop-zones="plugins.VitaraCharts.v460750.dropZones.VitaraD3CirclePackedChartDropZones" widget-type="7"/>
        <visualization id="VitaraHCAngularGaugeChart" desc="Vitara Angular Gauge Chart" scope="19" projects="" style-name="HCAngularGaugeChart" is-mojo="true" attribute-minimum="0" metric-minimum="1" drop-zones="plugins.VitaraCharts.v460750.dropZones.VitaraHCAngularGaugeDropZones" widget-type="7"/>
        <visualization id="VitaraHCSankeyChart" desc="Vitara Sankey Chart" scope="19" projects="" style-name="HCSankeyChart" is-mojo="true" attribute-minimum="2" metric-minimum="1" drop-zones="plugins.VitaraCharts.v460750.dropZones.VitaraHCSankeyDropZones" widget-type="7"/>
<!--
        <visualization id="VitaraHCDrillChart" desc="Vitara Drill Chart" scope="19" projects="" style-name="HCDrillChart" is-mojo="true" attribute-minimum="2" metric-minimum="1" drop-zones="plugins.VitaraCharts.v460750.dropZones.VitaraDrillDropZones" widget-type="7"/>
        <visualization id="VitaraHCTileMapChart" desc="Vitara Tilemap Chart" scope="19" projects="" style-name="HCTileMapChart" is-mojo="true" attribute-minimum="1" metric-minimum="1" drop-zones="plugins.VitaraCharts.v460750.dropZones.VitaraGenericSeriesDropZones" widget-type="7"/>
        <visualization id="VitaraHCDrillChart2" desc="Vitara HC Drill Chart 2" scope="19" projects="" style-name="HCDrillChart2" is-mojo="true" attribute-minimum="1" metric-minimum="1" drop-zones="plugins.VitaraCharts.v460750.dropZones.VitaraGenericSeriesDropZones" widget-type="7"/>
-->

   </visualization-list>
    <visualization-list name="ipad" view-mode="71" show-in-web="false">
        <visualization id="VitaraHCBarChart" desc="Vitara Bar Chart" scope="19" projects="" style-name="HCBarChart" is-mojo="true" attribute-minimum="1" metric-minimum="1" drop-zones="plugins.VitaraCharts.v460750.dropZones.VitaraGenericDrillDropZones" widget-type="7"/>
        <visualization id="VitaraHCStackedBarChart" desc="Vitara Stacked Bar Chart" scope="19" projects="" style-name="HCStackedBarChart" is-mojo="true" attribute-minimum="1" metric-minimum="1" drop-zones="plugins.VitaraCharts.v460750.dropZones.VitaraHCStackedDropZones" widget-type="7"/>
        <visualization id="VitaraHCColumnChart" desc="Vitara Column Chart" scope="19" projects="" style-name="HCColumnChart" is-mojo="true" attribute-minimum="1" metric-minimum="1" drop-zones="plugins.VitaraCharts.v460750.dropZones.VitaraGenericDrillDropZones" widget-type="7"/>
        <visualization id="VitaraHCStackedColumnChart" desc="Vitara Stacked Column Chart" scope="19" projects="" style-name="HCStackedColumnChart" is-mojo="true" attribute-minimum="1" metric-minimum="1" drop-zones="plugins.VitaraCharts.v460750.dropZones.VitaraHCStackedDropZones" widget-type="7"/>
        <visualization id="VitaraHCPieChart" desc="Vitara Pie Chart" scope="19" projects="" style-name="HCPieChart" is-mojo="true" attribute-minimum="1" metric-minimum="1" drop-zones="plugins.VitaraCharts.v460750.dropZones.VitaraHCPieDropZones" widget-type="7"/>
        <visualization id="VitaraHCKPIRingChart" desc="Vitara KPIRing Chart" scope="19" projects="" style-name="HCKPIRingChart" is-mojo="true" attribute-minimum="0" metric-minimum="1" drop-zones="plugins.VitaraCharts.v460750.dropZones.VitaraHCKPIRingDropZones" widget-type="7"/>
        <visualization id="VitaraHCLineChart" desc="Vitara Line Chart" scope="19" projects="" style-name="HCLineChart" is-mojo="true" attribute-minimum="1" metric-minimum="1" drop-zones="plugins.VitaraCharts.v460750.dropZones.VitaraGenericDrillDropZones" widget-type="7"/>
        <visualization id="VitaraHCAreaChart" desc="Vitara Area Chart" scope="19" projects="" style-name="HCAreaChart" is-mojo="true" attribute-minimum="1" metric-minimum="1" drop-zones="plugins.VitaraCharts.v460750.dropZones.VitaraGenericSeriesDropZones" widget-type="7"/>
        <visualization id="VitaraHCBubbleChart" desc="Vitara Bubble Chart" scope="19" projects="" style-name="HCBubbleChart" is-mojo="true" attribute-minimum="1" metric-minimum="3" drop-zones="plugins.VitaraCharts.v460750.dropZones.VitaraHCBubbleDropZones" widget-type="7"/>
        <visualization id="VitaraHCTornadoChart" desc="Vitara Tornado Chart" scope="19" projects="" style-name="HCTornadoChart" is-mojo="true" attribute-minimum="1" metric-minimum="2" drop-zones="plugins.VitaraCharts.v460750.dropZones.VitaraHCTornadoDropZones" widget-type="7"/>
        <visualization id="VitaraHCSpacerChart" desc="Vitara Text" scope="19" projects="" style-name="HCSpacer" is-mojo="true" attribute-minimum="0" metric-minimum="0" drop-zones="plugins.VitaraCharts.v460750.dropZones.VitaraTextNodeDropZones" widget-type="7"/>
        <visualization id="VitaraHCSparklineChart" desc="Vitara Sparkline Chart" scope="19" projects="" style-name="HCSparklineChart" is-mojo="true" attribute-minimum="1" metric-minimum="1" drop-zones="plugins.VitaraCharts.v460750.dropZones.VitaraGenericSeriesDropZones" widget-type="7"/>
        <visualization id="VitaraHCHeatmapChart" desc="Vitara Heatmap Chart" scope="19" projects="" style-name="HCHeatmapChart" is-mojo="true" attribute-minimum="2" metric-minimum="1" drop-zones="plugins.VitaraCharts.v460750.dropZones.VitaraHCHeatMapDropZones" widget-type="7"/>
        <visualization id="VitaraHCFunnelChart" desc="Vitara Funnel Chart" scope="19" projects="" style-name="HCFunnelChart" is-mojo="true" attribute-minimum="1" metric-minimum="1" drop-zones="plugins.VitaraCharts.v460750.dropZones.VitaraHCFunnelDropZones" widget-type="7"/>
        <visualization id="VitaraHCColumnRangeChart" desc="Vitara ColumnRange Chart" scope="19" projects="" style-name="HCColumnRangeChart" is-mojo="true" attribute-minimum="1" metric-minimum="2" drop-zones="plugins.VitaraCharts.v460750.dropZones.VitaraHCColumnRangeDropZones" widget-type="7"/>
        <visualization id="VitaraHCBulletChart" desc="Vitara Bullet Chart" scope="19" projects="" style-name="HCBulletChart" is-mojo="true" attribute-minimum="1" metric-minimum="1" drop-zones="plugins.VitaraCharts.v460750.dropZones.VitaraHCBulletDropZones" widget-type="7"/>
        <visualization id="VitaraHCWaterfallChart" desc="Vitara Waterfall Chart" scope="19" projects="" style-name="HCWaterfallChart" is-mojo="true" attribute-minimum="0" metric-minimum="1" drop-zones="plugins.VitaraCharts.v460750.dropZones.VitaraHCWaterfallDropZones" widget-type="7"/>
        <visualization id="VitaraD3KPIAnimationChart" desc="Vitara KPI Animation Chart" scope="19" projects="" style-name="D3KPIAnimationChart" is-mojo="true" attribute-minimum="0" metric-minimum="2"  drop-zones="plugins.VitaraCharts.v460750.dropZones.VitaraD3KPIAnimationDropZones" widget-type="7"/>
        <visualization id="VitaraD3CalHeatMapChart" desc="Vitara Calender Heatmap" scope="19" projects="" style-name="VitaraD3CalHeatMapChart" is-mojo="true" attribute-minimum="1" metric-minimum="1" drop-zones="plugins.VitaraCharts.v460750.dropZones.VitaraD3CalHeatMapDropZones" widget-type="7"/>
        <visualization id="VitaraHCTrellisChart" desc="Vitara HC Trellis Chart" scope="19" projects="" style-name="VitaraHCTrellisChart" is-mojo="true" attribute-minimum="2" metric-minimum="1" drop-zones="plugins.VitaraCharts.v460750.dropZones.VitaraHCTrellisDropZones" widget-type="7"/>
        <visualization id="VitaraSimpleKPIChart" desc="Vitara Simple KPI Chart" scope="19" projects="" style-name="SimpleKPIChart" is-mojo="true" attribute-minimum="0" metric-minimum="2" drop-zones="plugins.VitaraCharts.v460750.dropZones.VitaraSimpleKPIDropZones" widget-type="7"/>
        <visualization id="VitaraGridChart" desc="Vitara Grid Chart" scope="19" projects="" style-name="GridChart" is-mojo="true" attribute-minimum="0" metric-minimum="0" drop-zones="plugins.VitaraCharts.v460750.dropZones.VitaraGridDropZones" widget-type="7"/>
        <visualization id="VitaraD3WaffleChart" desc="Vitara Waffle Chart" scope="19" projects="" style-name="D3WaffleChart" is-mojo="true" attribute-minimum="1" metric-minimum="1" drop-zones="plugins.VitaraCharts.v460750.dropZones.VitaraD3WaffleDropZones" widget-type="7"/>
        <visualization id="VitaraMekkoChart" desc="Vitara Mekko Chart" scope="19" projects="" style-name="VitaraMekkoChart" is-mojo="true" attribute-minimum="1" metric-minimum="1" drop-zones="plugins.VitaraCharts.v460750.dropZones.VitaraHCMekkoDropZones" widget-type="7"/>
        <!-- <visualization id="VitaraWordCloud" desc="Vitara Word Cloud" scope="19" projects="" style-name="VitaraD3WordCloudStyle" is-mojo="true" attribute-minimum="1" metric-minimum="1" drop-zones="plugins.VitaraCharts.v460750.dropZones.VitaraD3WordCloudDropZones"  widget-type="7"/> -->
        <visualization id="VitaraHCWordCloud" desc="Vitara Word Cloud" scope="19" projects="" style-name="VitaraD3WordCloudStyle" is-mojo="true" attribute-minimum="1" metric-minimum="1" drop-zones="plugins.VitaraCharts.v460750.dropZones.VitaraD3WordCloudDropZones"  widget-type="7"/>
        <!-- <visualization id="VitaraHCWordCloud" desc="Vitara Word Cloud" scope="19" projects="" style-name="VitaraWordCloudStyle" is-mojo="true" attribute-minimum="1" metric-minimum="1" drop-zones="plugins.VitaraCharts.v460750.dropZones.VitaraD3WordCloudDropZones"  widget-type="7"/> -->
        <visualization id="VitaraHCHistogramChart" desc="Vitara Histogram Chart" scope="19" projects="" style-name="HCHistogramChart" is-mojo="true" attribute-minimum="1" metric-minimum="1" drop-zones="plugins.VitaraCharts.v460750.dropZones.VitaraHCHistogramDropZones" widget-type="7"/>
        <visualization id="VitaraMicroChart" desc="Vitara Micro Chart" scope="19" projects="" style-name="VitaraMicroChart" is-mojo="true" attribute-minimum="2" metric-minimum="1" drop-zones="plugins.VitaraCharts.v460750.dropZones.VitaraMicroChartDropZones" widget-type="7"/>
        <visualization id="VitaraHCDumbbellChart" desc="Vitara Dumbbell Chart" scope="19" projects="" style-name="HCDumbbellChart" is-mojo="true" attribute-minimum="1" metric-minimum="2" drop-zones="plugins.VitaraCharts.v460750.dropZones.VitaraHCDumbbellDropZones" widget-type="7"/>
        <visualization id="VitaraHCSlopeChart" desc="Vitara Slope Chart" scope="19" projects="" style-name="HCSlopeChart" is-mojo="true" attribute-minimum="1" metric-minimum="2" drop-zones="plugins.VitaraCharts.v460750.dropZones.VitaraHCSlopeDropZones" widget-type="7"/>
        <visualization id="VitaraD3CirclePackingChart" desc="Vitara Packed Bubble Chart" scope="19" projects="" style-name="D3CirclePackingChart" is-mojo="true" attribute-minimum="1" metric-minimum="1" drop-zones="plugins.VitaraCharts.v460750.dropZones.VitaraD3CirclePackedChartDropZones" widget-type="7"/>
        <visualization id="VitaraHCAngularGaugeChart" desc="Vitara Angular Gauge Chart" scope="19" projects="" style-name="HCAngularGaugeChart" is-mojo="true" attribute-minimum="0" metric-minimum="1" drop-zones="plugins.VitaraCharts.v460750.dropZones.VitaraHCAngularGaugeDropZones" widget-type="7"/>
        <visualization id="VitaraHCSankeyChart" desc="Vitara Sankey Chart" scope="19" projects="" style-name="HCSankeyChart" is-mojo="true" attribute-minimum="2" metric-minimum="1" drop-zones="plugins.VitaraCharts.v460750.dropZones.VitaraHCSankeyDropZones" widget-type="7"/>
<!--
        <visualization id="VitaraHCDrillChart" desc="Vitara Drill Chart" scope="19" projects="" style-name="HCDrillChart" is-mojo="true" attribute-minimum="2" metric-minimum="1" drop-zones="plugins.VitaraCharts.v460750.dropZones.VitaraDrillDropZones" widget-type="7"/>
        <visualization id="VitaraHCTileMapChart" desc="Vitara Tilemap Chart" scope="19" projects="" style-name="HCTileMapChart" is-mojo="true" attribute-minimum="1" metric-minimum="1" drop-zones="plugins.VitaraCharts.v460750.dropZones.VitaraGenericSeriesDropZones" widget-type="7"/>
        <visualization id="VitaraHCDrillChart2" desc="Vitara HC Drill Chart 2" scope="19" projects="" style-name="HCDrillChart2" is-mojo="true" attribute-minimum="1" metric-minimum="1" drop-zones="plugins.VitaraCharts.v460750.dropZones.VitaraGenericSeriesDropZones" widget-type="7"/>
-->

    </visualization-list>
    <visualization-list name="iphone" view-mode="70" show-in-web="false">
        <visualization id="VitaraHCBarChart" desc="Vitara Bar Chart" scope="19" projects="" style-name="HCBarChart" is-mojo="true" attribute-minimum="1" metric-minimum="1" drop-zones="plugins.VitaraCharts.v460750.dropZones.VitaraGenericDrillDropZones" widget-type="7"/>
        <visualization id="VitaraHCStackedBarChart" desc="Vitara Stacked Bar Chart" scope="19" projects="" style-name="HCStackedBarChart" is-mojo="true" attribute-minimum="1" metric-minimum="1" drop-zones="plugins.VitaraCharts.v460750.dropZones.VitaraHCStackedDropZones" widget-type="7"/>
        <visualization id="VitaraHCColumnChart" desc="Vitara Column Chart" scope="19" projects="" style-name="HCColumnChart" is-mojo="true" attribute-minimum="1" metric-minimum="1" drop-zones="plugins.VitaraCharts.v460750.dropZones.VitaraGenericDrillDropZones" widget-type="7"/>
        <visualization id="VitaraHCStackedColumnChart" desc="Vitara Stacked Column Chart" scope="19" projects="" style-name="HCStackedColumnChart" is-mojo="true" attribute-minimum="1" metric-minimum="1" drop-zones="plugins.VitaraCharts.v460750.dropZones.VitaraHCStackedDropZones" widget-type="7"/>
        <visualization id="VitaraHCPieChart" desc="Vitara Pie Chart" scope="19" projects="" style-name="HCPieChart" is-mojo="true" attribute-minimum="1" metric-minimum="1" drop-zones="plugins.VitaraCharts.v460750.dropZones.VitaraHCPieDropZones" widget-type="7"/>
        <visualization id="VitaraHCKPIRingChart" desc="Vitara KPIRing Chart" scope="19" projects="" style-name="HCKPIRingChart" is-mojo="true" attribute-minimum="0" metric-minimum="1" drop-zones="plugins.VitaraCharts.v460750.dropZones.VitaraHCKPIRingDropZones" widget-type="7"/>
        <visualization id="VitaraHCLineChart" desc="Vitara Line Chart" scope="19" projects="" style-name="HCLineChart" is-mojo="true" attribute-minimum="1" metric-minimum="1" drop-zones="plugins.VitaraCharts.v460750.dropZones.VitaraGenericDrillDropZones" widget-type="7"/>
        <visualization id="VitaraHCAreaChart" desc="Vitara Area Chart" scope="19" projects="" style-name="HCAreaChart" is-mojo="true" attribute-minimum="1" metric-minimum="1" drop-zones="plugins.VitaraCharts.v460750.dropZones.VitaraGenericSeriesDropZones" widget-type="7"/>
        <visualization id="VitaraHCBubbleChart" desc="Vitara Bubble Chart" scope="19" projects="" style-name="HCBubbleChart" is-mojo="true" attribute-minimum="1" metric-minimum="3" drop-zones="plugins.VitaraCharts.v460750.dropZones.VitaraHCBubbleDropZones" widget-type="7"/>
        <visualization id="VitaraHCTornadoChart" desc="Vitara Tornado Chart" scope="19" projects="" style-name="HCTornadoChart" is-mojo="true" attribute-minimum="1" metric-minimum="2" drop-zones="plugins.VitaraCharts.v460750.dropZones.VitaraHCTornadoDropZones" widget-type="7"/>
        <visualization id="VitaraHCSpacerChart" desc="Vitara Text" scope="19" projects="" style-name="HCSpacer" is-mojo="true" attribute-minimum="0" metric-minimum="0" drop-zones="plugins.VitaraCharts.v460750.dropZones.VitaraTextNodeDropZones" widget-type="7"/>
        <visualization id="VitaraHCSparklineChart" desc="Vitara Sparkline Chart" scope="19" projects="" style-name="HCSparklineChart" is-mojo="true" attribute-minimum="1" metric-minimum="1" drop-zones="plugins.VitaraCharts.v460750.dropZones.VitaraGenericSeriesDropZones" widget-type="7"/>
        <visualization id="VitaraHCHeatmapChart" desc="Vitara Heatmap Chart" scope="19" projects="" style-name="HCHeatmapChart" is-mojo="true" attribute-minimum="2" metric-minimum="1" drop-zones="plugins.VitaraCharts.v460750.dropZones.VitaraHCHeatMapDropZones" widget-type="7"/>
        <visualization id="VitaraHCFunnelChart" desc="Vitara Funnel Chart" scope="19" projects="" style-name="HCFunnelChart" is-mojo="true" attribute-minimum="1" metric-minimum="1" drop-zones="plugins.VitaraCharts.v460750.dropZones.VitaraHCFunnelDropZones" widget-type="7"/>
        <visualization id="VitaraHCColumnRangeChart" desc="Vitara ColumnRange Chart" scope="19" projects="" style-name="HCColumnRangeChart" is-mojo="true" attribute-minimum="1" metric-minimum="2" drop-zones="plugins.VitaraCharts.v460750.dropZones.VitaraHCColumnRangeDropZones" widget-type="7"/>
        <visualization id="VitaraHCBulletChart" desc="Vitara Bullet Chart" scope="19" projects="" style-name="HCBulletChart" is-mojo="true" attribute-minimum="1" metric-minimum="1" drop-zones="plugins.VitaraCharts.v460750.dropZones.VitaraHCBulletDropZones" widget-type="7"/>
        <visualization id="VitaraHCWaterfallChart" desc="Vitara Waterfall Chart" scope="19" projects="" style-name="HCWaterfallChart" is-mojo="true" attribute-minimum="0" metric-minimum="1" drop-zones="plugins.VitaraCharts.v460750.dropZones.VitaraHCWaterfallDropZones" widget-type="7"/>
        <visualization id="VitaraD3KPIAnimationChart" desc="Vitara KPI Animation Chart" scope="19" projects="" style-name="D3KPIAnimationChart" is-mojo="true" attribute-minimum="0" metric-minimum="2"  drop-zones="plugins.VitaraCharts.v460750.dropZones.VitaraD3KPIAnimationDropZones" widget-type="7"/>
        <visualization id="VitaraD3CalHeatMapChart" desc="Vitara Calender Heatmap" scope="19" projects="" style-name="VitaraD3CalHeatMapChart" is-mojo="true" attribute-minimum="1" metric-minimum="1" drop-zones="plugins.VitaraCharts.v460750.dropZones.VitaraD3CalHeatMapDropZones" widget-type="7"/>
        <visualization id="VitaraHCTrellisChart" desc="Vitara HC Trellis Chart" scope="19" projects="" style-name="VitaraHCTrellisChart" is-mojo="true" attribute-minimum="2" metric-minimum="1" drop-zones="plugins.VitaraCharts.v460750.dropZones.VitaraHCTrellisDropZones" widget-type="7"/>
        <visualization id="VitaraSimpleKPIChart" desc="Vitara Simple KPI Chart" scope="19" projects="" style-name="SimpleKPIChart" is-mojo="true" attribute-minimum="0" metric-minimum="2" drop-zones="plugins.VitaraCharts.v460750.dropZones.VitaraSimpleKPIDropZones" widget-type="7"/>
        <visualization id="VitaraGridChart" desc="Vitara Grid Chart" scope="19" projects="" style-name="GridChart" is-mojo="true" attribute-minimum="0" metric-minimum="0" drop-zones="plugins.VitaraCharts.v460750.dropZones.VitaraGridDropZones" widget-type="7"/>
        <visualization id="VitaraD3WaffleChart" desc="Vitara Waffle Chart" scope="19" projects="" style-name="D3WaffleChart" is-mojo="true" attribute-minimum="1" metric-minimum="1" drop-zones="plugins.VitaraCharts.v460750.dropZones.VitaraD3WaffleDropZones" widget-type="7"/>
        <visualization id="VitaraMekkoChart" desc="Vitara Mekko Chart" scope="19" projects="" style-name="VitaraMekkoChart" is-mojo="true" attribute-minimum="1" metric-minimum="1" drop-zones="plugins.VitaraCharts.v460750.dropZones.VitaraHCMekkoDropZones" widget-type="7"/>
        <!-- <visualization id="VitaraWordCloud" desc="Vitara Word Cloud" scope="19" projects="" style-name="VitaraD3WordCloudStyle" is-mojo="true" attribute-minimum="1" metric-minimum="1" drop-zones="plugins.VitaraCharts.v460750.dropZones.VitaraD3WordCloudDropZones"  widget-type="7"/> -->
        <visualization id="VitaraHCWordCloud" desc="Vitara Word Cloud" scope="19" projects="" style-name="VitaraD3WordCloudStyle" is-mojo="true" attribute-minimum="1" metric-minimum="1" drop-zones="plugins.VitaraCharts.v460750.dropZones.VitaraD3WordCloudDropZones"  widget-type="7"/>
        <!-- <visualization id="VitaraHCWordCloud" desc="Vitara Word Cloud" scope="19" projects="" style-name="VitaraWordCloudStyle" is-mojo="true" attribute-minimum="1" metric-minimum="1" drop-zones="plugins.VitaraCharts.v460750.dropZones.VitaraD3WordCloudDropZones"  widget-type="7"/> -->
        <visualization id="VitaraHCHistogramChart" desc="Vitara Histogram Chart" scope="19" projects="" style-name="HCHistogramChart" is-mojo="true" attribute-minimum="1" metric-minimum="1" drop-zones="plugins.VitaraCharts.v460750.dropZones.VitaraHCHistogramDropZones" widget-type="7"/>
        <visualization id="VitaraMicroChart" desc="Vitara Micro Chart" scope="19" projects="" style-name="VitaraMicroChart" is-mojo="true" attribute-minimum="2" metric-minimum="1" drop-zones="plugins.VitaraCharts.v460750.dropZones.VitaraMicroChartDropZones" widget-type="7"/>
        <visualization id="VitaraHCDumbbellChart" desc="Vitara Dumbbell Chart" scope="19" projects="" style-name="HCDumbbellChart" is-mojo="true" attribute-minimum="1" metric-minimum="2" drop-zones="plugins.VitaraCharts.v460750.dropZones.VitaraHCDumbbellDropZones" widget-type="7"/>
        <visualization id="VitaraHCSlopeChart" desc="Vitara Slope Chart" scope="19" projects="" style-name="HCSlopeChart" is-mojo="true" attribute-minimum="1" metric-minimum="2" drop-zones="plugins.VitaraCharts.v460750.dropZones.VitaraHCSlopeDropZones" widget-type="7"/>
        <visualization id="VitaraD3CirclePackingChart" desc="Vitara Packed Bubble Chart" scope="19" projects="" style-name="D3CirclePackingChart" is-mojo="true" attribute-minimum="1" metric-minimum="1" drop-zones="plugins.VitaraCharts.v460750.dropZones.VitaraD3CirclePackedChartDropZones" widget-type="7"/>
        <visualization id="VitaraHCAngularGaugeChart" desc="Vitara Angular Gauge Chart" scope="19" projects="" style-name="HCAngularGaugeChart" is-mojo="true" attribute-minimum="0" metric-minimum="1" drop-zones="plugins.VitaraCharts.v460750.dropZones.VitaraHCAngularGaugeDropZones" widget-type="7"/>
        <visualization id="VitaraHCSankeyChart" desc="Vitara Sankey Chart" scope="19" projects="" style-name="HCSankeyChart" is-mojo="true" attribute-minimum="2" metric-minimum="1" drop-zones="plugins.VitaraCharts.v460750.dropZones.VitaraHCSankeyDropZones" widget-type="7"/>
<!--
        <visualization id="VitaraHCDrillChart" desc="Vitara Drill Chart" scope="19" projects="" style-name="HCDrillChart" is-mojo="true" attribute-minimum="2" metric-minimum="1" drop-zones="plugins.VitaraCharts.v460750.dropZones.VitaraDrillDropZones" widget-type="7"/>
        <visualization id="VitaraHCTileMapChart" desc="Vitara Tilemap Chart" scope="19" projects="" style-name="HCTileMapChart" is-mojo="true" attribute-minimum="1" metric-minimum="1" drop-zones="plugins.VitaraCharts.v460750.dropZones.VitaraGenericSeriesDropZones" widget-type="7"/>
        <visualization id="VitaraHCDrillChart2" desc="Vitara HC Drill Chart 2" scope="19" projects="" style-name="HCDrillChart2" is-mojo="true" attribute-minimum="1" metric-minimum="1" drop-zones="plugins.VitaraCharts.v460750.dropZones.VitaraGenericSeriesDropZones" widget-type="7"/>
-->

    </visualization-list>
    <visualization-list name="android" view-mode="72" show-in-web="false">
        <visualization id="VitaraHCBarChart" desc="Vitara Bar Chart" scope="19" projects="" style-name="HCBarChart" is-mojo="true" attribute-minimum="1" metric-minimum="1" drop-zones="plugins.VitaraCharts.v460750.dropZones.VitaraGenericDrillDropZones" widget-type="7"/>
        <visualization id="VitaraHCStackedBarChart" desc="Vitara Stacked Bar Chart" scope="19" projects="" style-name="HCStackedBarChart" is-mojo="true" attribute-minimum="1" metric-minimum="1" drop-zones="plugins.VitaraCharts.v460750.dropZones.VitaraHCStackedDropZones" widget-type="7"/>
        <visualization id="VitaraHCColumnChart" desc="Vitara Column Chart" scope="19" projects="" style-name="HCColumnChart" is-mojo="true" attribute-minimum="1" metric-minimum="1" drop-zones="plugins.VitaraCharts.v460750.dropZones.VitaraGenericDrillDropZones" widget-type="7"/>
        <visualization id="VitaraHCStackedColumnChart" desc="Vitara Stacked Column Chart" scope="19" projects="" style-name="HCStackedColumnChart" is-mojo="true" attribute-minimum="1" metric-minimum="1" drop-zones="plugins.VitaraCharts.v460750.dropZones.VitaraHCStackedDropZones" widget-type="7"/>
        <visualization id="VitaraHCPieChart" desc="Vitara Pie Chart" scope="19" projects="" style-name="HCPieChart" is-mojo="true" attribute-minimum="1" metric-minimum="1" drop-zones="plugins.VitaraCharts.v460750.dropZones.VitaraHCPieDropZones" widget-type="7"/>
        <visualization id="VitaraHCKPIRingChart" desc="Vitara KPIRing Chart" scope="19" projects="" style-name="HCKPIRingChart" is-mojo="true" attribute-minimum="0" metric-minimum="1" drop-zones="plugins.VitaraCharts.v460750.dropZones.VitaraHCKPIRingDropZones" widget-type="7"/>
        <visualization id="VitaraHCLineChart" desc="Vitara Line Chart" scope="19" projects="" style-name="HCLineChart" is-mojo="true" attribute-minimum="1" metric-minimum="1" drop-zones="plugins.VitaraCharts.v460750.dropZones.VitaraGenericDrillDropZones" widget-type="7"/>
        <visualization id="VitaraHCAreaChart" desc="Vitara Area Chart" scope="19" projects="" style-name="HCAreaChart" is-mojo="true" attribute-minimum="1" metric-minimum="1" drop-zones="plugins.VitaraCharts.v460750.dropZones.VitaraGenericSeriesDropZones" widget-type="7"/>
        <visualization id="VitaraHCBubbleChart" desc="Vitara Bubble Chart" scope="19" projects="" style-name="HCBubbleChart" is-mojo="true" attribute-minimum="1" metric-minimum="3" drop-zones="plugins.VitaraCharts.v460750.dropZones.VitaraHCBubbleDropZones" widget-type="7"/>
        <visualization id="VitaraHCTornadoChart" desc="Vitara Tornado Chart" scope="19" projects="" style-name="HCTornadoChart" is-mojo="true" attribute-minimum="1" metric-minimum="2" drop-zones="plugins.VitaraCharts.v460750.dropZones.VitaraHCTornadoDropZones" widget-type="7"/>
        <visualization id="VitaraHCSpacerChart" desc="Vitara Text" scope="19" projects="" style-name="HCSpacer" is-mojo="true" attribute-minimum="0" metric-minimum="0" drop-zones="plugins.VitaraCharts.v460750.dropZones.VitaraTextNodeDropZones" widget-type="7"/>
        <visualization id="VitaraHCSparklineChart" desc="Vitara Sparkline Chart" scope="19" projects="" style-name="HCSparklineChart" is-mojo="true" attribute-minimum="1" metric-minimum="1" drop-zones="plugins.VitaraCharts.v460750.dropZones.VitaraGenericSeriesDropZones" widget-type="7"/>
        <visualization id="VitaraHCHeatmapChart" desc="Vitara Heatmap Chart" scope="19" projects="" style-name="HCHeatmapChart" is-mojo="true" attribute-minimum="2" metric-minimum="1" drop-zones="plugins.VitaraCharts.v460750.dropZones.VitaraHCHeatMapDropZones" widget-type="7"/>
        <visualization id="VitaraHCFunnelChart" desc="Vitara Funnel Chart" scope="19" projects="" style-name="HCFunnelChart" is-mojo="true" attribute-minimum="1" metric-minimum="1" drop-zones="plugins.VitaraCharts.v460750.dropZones.VitaraHCFunnelDropZones" widget-type="7"/>
        <visualization id="VitaraHCColumnRangeChart" desc="Vitara ColumnRange Chart" scope="19" projects="" style-name="HCColumnRangeChart" is-mojo="true" attribute-minimum="1" metric-minimum="2" drop-zones="plugins.VitaraCharts.v460750.dropZones.VitaraHCColumnRangeDropZones" widget-type="7"/>
        <visualization id="VitaraHCBulletChart" desc="Vitara Bullet Chart" scope="19" projects="" style-name="HCBulletChart" is-mojo="true" attribute-minimum="1" metric-minimum="1" drop-zones="plugins.VitaraCharts.v460750.dropZones.VitaraHCBulletDropZones" widget-type="7"/>
        <visualization id="VitaraHCWaterfallChart" desc="Vitara Waterfall Chart" scope="19" projects="" style-name="HCWaterfallChart" is-mojo="true" attribute-minimum="0" metric-minimum="1" drop-zones="plugins.VitaraCharts.v460750.dropZones.VitaraHCWaterfallDropZones" widget-type="7"/>
        <visualization id="VitaraD3KPIAnimationChart" desc="Vitara KPI Animation Chart" scope="19" projects="" style-name="D3KPIAnimationChart" is-mojo="true" attribute-minimum="0" metric-minimum="2"  drop-zones="plugins.VitaraCharts.v460750.dropZones.VitaraD3KPIAnimationDropZones" widget-type="7"/>
        <visualization id="VitaraD3CalHeatMapChart" desc="Vitara Calender Heatmap" scope="19" projects="" style-name="VitaraD3CalHeatMapChart" is-mojo="true" attribute-minimum="1" metric-minimum="1" drop-zones="plugins.VitaraCharts.v460750.dropZones.VitaraD3CalHeatMapDropZones" widget-type="7"/>
        <visualization id="VitaraHCTrellisChart" desc="Vitara HC Trellis Chart" scope="19" projects="" style-name="VitaraHCTrellisChart" is-mojo="true" attribute-minimum="2" metric-minimum="1" drop-zones="plugins.VitaraCharts.v460750.dropZones.VitaraHCTrellisDropZones" widget-type="7"/>
        <visualization id="VitaraSimpleKPIChart" desc="Vitara Simple KPI Chart" scope="19" projects="" style-name="SimpleKPIChart" is-mojo="true" attribute-minimum="0" metric-minimum="2" drop-zones="plugins.VitaraCharts.v460750.dropZones.VitaraSimpleKPIDropZones" widget-type="7"/>
        <visualization id="VitaraGridChart" desc="Vitara Grid Chart" scope="19" projects="" style-name="GridChart" is-mojo="true" attribute-minimum="0" metric-minimum="0" drop-zones="plugins.VitaraCharts.v460750.dropZones.VitaraGridDropZones" widget-type="7"/>
        <visualization id="VitaraD3WaffleChart" desc="Vitara Waffle Chart" scope="19" projects="" style-name="D3WaffleChart" is-mojo="true" attribute-minimum="1" metric-minimum="1" drop-zones="plugins.VitaraCharts.v460750.dropZones.VitaraD3WaffleDropZones" widget-type="7"/>
        <visualization id="VitaraMekkoChart" desc="Vitara Mekko Chart" scope="19" projects="" style-name="VitaraMekkoChart" is-mojo="true" attribute-minimum="1" metric-minimum="1" drop-zones="plugins.VitaraCharts.v460750.dropZones.VitaraHCMekkoDropZones" widget-type="7"/>
        <!-- <visualization id="VitaraWordCloud" desc="Vitara Word Cloud" scope="19" projects="" style-name="VitaraD3WordCloudStyle" is-mojo="true" attribute-minimum="1" metric-minimum="1" drop-zones="plugins.VitaraCharts.v460750.dropZones.VitaraD3WordCloudDropZones"  widget-type="7"/> -->
        <visualization id="VitaraHCWordCloud" desc="Vitara Word Cloud" scope="19" projects="" style-name="VitaraD3WordCloudStyle" is-mojo="true" attribute-minimum="1" metric-minimum="1" drop-zones="plugins.VitaraCharts.v460750.dropZones.VitaraD3WordCloudDropZones"  widget-type="7"/>
        <!-- <visualization id="VitaraHCWordCloud" desc="Vitara Word Cloud" scope="19" projects="" style-name="VitaraWordCloudStyle" is-mojo="true" attribute-minimum="1" metric-minimum="1" drop-zones="plugins.VitaraCharts.v460750.dropZones.VitaraD3WordCloudDropZones"  widget-type="7"/> -->
        <visualization id="VitaraHCHistogramChart" desc="Vitara Histogram Chart" scope="19" projects="" style-name="HCHistogramChart" is-mojo="true" attribute-minimum="1" metric-minimum="1" drop-zones="plugins.VitaraCharts.v460750.dropZones.VitaraHCHistogramDropZones" widget-type="7"/>
        <visualization id="VitaraMicroChart" desc="Vitara Micro Chart" scope="19" projects="" style-name="VitaraMicroChart" is-mojo="true" attribute-minimum="2" metric-minimum="1" drop-zones="plugins.VitaraCharts.v460750.dropZones.VitaraMicroChartDropZones" widget-type="7"/>
        <visualization id="VitaraHCDumbbellChart" desc="Vitara Dumbbell Chart" scope="19" projects="" style-name="HCDumbbellChart" is-mojo="true" attribute-minimum="1" metric-minimum="2" drop-zones="plugins.VitaraCharts.v460750.dropZones.VitaraHCDumbbellDropZones" widget-type="7"/>
        <visualization id="VitaraHCSlopeChart" desc="Vitara Slope Chart" scope="19" projects="" style-name="HCSlopeChart" is-mojo="true" attribute-minimum="1" metric-minimum="2" drop-zones="plugins.VitaraCharts.v460750.dropZones.VitaraHCSlopeDropZones" widget-type="7"/>
        <visualization id="VitaraD3CirclePackingChart" desc="Vitara Packed Bubble Chart" scope="19" projects="" style-name="D3CirclePackingChart" is-mojo="true" attribute-minimum="1" metric-minimum="1" drop-zones="plugins.VitaraCharts.v460750.dropZones.VitaraD3CirclePackedChartDropZones" widget-type="7"/>
        <visualization id="VitaraHCAngularGaugeChart" desc="Vitara Angular Gauge Chart" scope="19" projects="" style-name="HCAngularGaugeChart" is-mojo="true" attribute-minimum="0" metric-minimum="1" drop-zones="plugins.VitaraCharts.v460750.dropZones.VitaraHCAngularGaugeDropZones" widget-type="7"/>
        <visualization id="VitaraHCSankeyChart" desc="Vitara Sankey Chart" scope="19" projects="" style-name="HCSankeyChart" is-mojo="true" attribute-minimum="2" metric-minimum="1" drop-zones="plugins.VitaraCharts.v460750.dropZones.VitaraHCSankeyDropZones" widget-type="7"/>
    </visualization-list>
    <visualization-list name="androidTablet" view-mode="73" show-in-web="false">
        <visualization id="VitaraHCBarChart" desc="Vitara Bar Chart" scope="19" projects="" style-name="HCBarChart" is-mojo="true" attribute-minimum="1" metric-minimum="1" drop-zones="plugins.VitaraCharts.v460750.dropZones.VitaraGenericDrillDropZones" widget-type="7"/>
        <visualization id="VitaraHCStackedBarChart" desc="Vitara Stacked Bar Chart" scope="19" projects="" style-name="HCStackedBarChart" is-mojo="true" attribute-minimum="1" metric-minimum="1" drop-zones="plugins.VitaraCharts.v460750.dropZones.VitaraHCStackedDropZones" widget-type="7"/>
        <visualization id="VitaraHCColumnChart" desc="Vitara Column Chart" scope="19" projects="" style-name="HCColumnChart" is-mojo="true" attribute-minimum="1" metric-minimum="1" drop-zones="plugins.VitaraCharts.v460750.dropZones.VitaraGenericDrillDropZones" widget-type="7"/>
        <visualization id="VitaraHCStackedColumnChart" desc="Vitara Stacked Column Chart" scope="19" projects="" style-name="HCStackedColumnChart" is-mojo="true" attribute-minimum="1" metric-minimum="1" drop-zones="plugins.VitaraCharts.v460750.dropZones.VitaraHCStackedDropZones" widget-type="7"/>
        <visualization id="VitaraHCPieChart" desc="Vitara Pie Chart" scope="19" projects="" style-name="HCPieChart" is-mojo="true" attribute-minimum="1" metric-minimum="1" drop-zones="plugins.VitaraCharts.v460750.dropZones.VitaraHCPieDropZones" widget-type="7"/>
        <visualization id="VitaraHCKPIRingChart" desc="Vitara KPIRing Chart" scope="19" projects="" style-name="HCKPIRingChart" is-mojo="true" attribute-minimum="0" metric-minimum="1" drop-zones="plugins.VitaraCharts.v460750.dropZones.VitaraHCKPIRingDropZones" widget-type="7"/>
        <visualization id="VitaraHCLineChart" desc="Vitara Line Chart" scope="19" projects="" style-name="HCLineChart" is-mojo="true" attribute-minimum="1" metric-minimum="1" drop-zones="plugins.VitaraCharts.v460750.dropZones.VitaraGenericDrillDropZones" widget-type="7"/>
        <visualization id="VitaraHCAreaChart" desc="Vitara Area Chart" scope="19" projects="" style-name="HCAreaChart" is-mojo="true" attribute-minimum="1" metric-minimum="1" drop-zones="plugins.VitaraCharts.v460750.dropZones.VitaraGenericSeriesDropZones" widget-type="7"/>
        <visualization id="VitaraHCBubbleChart" desc="Vitara Bubble Chart" scope="19" projects="" style-name="HCBubbleChart" is-mojo="true" attribute-minimum="1" metric-minimum="3" drop-zones="plugins.VitaraCharts.v460750.dropZones.VitaraHCBubbleDropZones" widget-type="7"/>
        <visualization id="VitaraHCTornadoChart" desc="Vitara Tornado Chart" scope="19" projects="" style-name="HCTornadoChart" is-mojo="true" attribute-minimum="1" metric-minimum="2" drop-zones="plugins.VitaraCharts.v460750.dropZones.VitaraHCTornadoDropZones" widget-type="7"/>
        <visualization id="VitaraHCSpacerChart" desc="Vitara Text" scope="19" projects="" style-name="HCSpacer" is-mojo="true" attribute-minimum="0" metric-minimum="0" drop-zones="plugins.VitaraCharts.v460750.dropZones.VitaraTextNodeDropZones" widget-type="7"/>
        <visualization id="VitaraHCSparklineChart" desc="Vitara Sparkline Chart" scope="19" projects="" style-name="HCSparklineChart" is-mojo="true" attribute-minimum="1" metric-minimum="1" drop-zones="plugins.VitaraCharts.v460750.dropZones.VitaraGenericSeriesDropZones" widget-type="7"/>
        <visualization id="VitaraHCHeatmapChart" desc="Vitara Heatmap Chart" scope="19" projects="" style-name="HCHeatmapChart" is-mojo="true" attribute-minimum="2" metric-minimum="1" drop-zones="plugins.VitaraCharts.v460750.dropZones.VitaraHCHeatMapDropZones" widget-type="7"/>
        <visualization id="VitaraHCFunnelChart" desc="Vitara Funnel Chart" scope="19" projects="" style-name="HCFunnelChart" is-mojo="true" attribute-minimum="1" metric-minimum="1" drop-zones="plugins.VitaraCharts.v460750.dropZones.VitaraHCFunnelDropZones" widget-type="7"/>
        <visualization id="VitaraHCColumnRangeChart" desc="Vitara ColumnRange Chart" scope="19" projects="" style-name="HCColumnRangeChart" is-mojo="true" attribute-minimum="1" metric-minimum="2" drop-zones="plugins.VitaraCharts.v460750.dropZones.VitaraHCColumnRangeDropZones" widget-type="7"/>
        <visualization id="VitaraHCBulletChart" desc="Vitara Bullet Chart" scope="19" projects="" style-name="HCBulletChart" is-mojo="true" attribute-minimum="1" metric-minimum="1" drop-zones="plugins.VitaraCharts.v460750.dropZones.VitaraHCBulletDropZones" widget-type="7"/>
        <visualization id="VitaraHCWaterfallChart" desc="Vitara Waterfall Chart" scope="19" projects="" style-name="HCWaterfallChart" is-mojo="true" attribute-minimum="0" metric-minimum="1" drop-zones="plugins.VitaraCharts.v460750.dropZones.VitaraHCWaterfallDropZones" widget-type="7"/>
        <visualization id="VitaraD3KPIAnimationChart" desc="Vitara KPI Animation Chart" scope="19" projects="" style-name="D3KPIAnimationChart" is-mojo="true" attribute-minimum="0" metric-minimum="2"  drop-zones="plugins.VitaraCharts.v460750.dropZones.VitaraD3KPIAnimationDropZones" widget-type="7"/>
        <visualization id="VitaraD3CalHeatMapChart" desc="Vitara Calender Heatmap" scope="19" projects="" style-name="VitaraD3CalHeatMapChart" is-mojo="true" attribute-minimum="1" metric-minimum="1" drop-zones="plugins.VitaraCharts.v460750.dropZones.VitaraD3CalHeatMapDropZones" widget-type="7"/>
        <visualization id="VitaraHCTrellisChart" desc="Vitara HC Trellis Chart" scope="19" projects="" style-name="VitaraHCTrellisChart" is-mojo="true" attribute-minimum="2" metric-minimum="1" drop-zones="plugins.VitaraCharts.v460750.dropZones.VitaraHCTrellisDropZones" widget-type="7"/>
        <visualization id="VitaraSimpleKPIChart" desc="Vitara Simple KPI Chart" scope="19" projects="" style-name="SimpleKPIChart" is-mojo="true" attribute-minimum="0" metric-minimum="2" drop-zones="plugins.VitaraCharts.v460750.dropZones.VitaraSimpleKPIDropZones" widget-type="7"/>
        <visualization id="VitaraGridChart" desc="Vitara Grid Chart" scope="19" projects="" style-name="GridChart" is-mojo="true" attribute-minimum="0" metric-minimum="0" drop-zones="plugins.VitaraCharts.v460750.dropZones.VitaraGridDropZones" widget-type="7"/>
        <visualization id="VitaraD3WaffleChart" desc="Vitara Waffle Chart" scope="19" projects="" style-name="D3WaffleChart" is-mojo="true" attribute-minimum="1" metric-minimum="1" drop-zones="plugins.VitaraCharts.v460750.dropZones.VitaraD3WaffleDropZones" widget-type="7"/>
        <visualization id="VitaraMekkoChart" desc="Vitara Mekko Chart" scope="19" projects="" style-name="VitaraMekkoChart" is-mojo="true" attribute-minimum="1" metric-minimum="1" drop-zones="plugins.VitaraCharts.v460750.dropZones.VitaraHCMekkoDropZones" widget-type="7"/>
        <!-- <visualization id="VitaraWordCloud" desc="Vitara Word Cloud" scope="19" projects="" style-name="VitaraD3WordCloudStyle" is-mojo="true" attribute-minimum="1" metric-minimum="1" drop-zones="plugins.VitaraCharts.v460750.dropZones.VitaraD3WordCloudDropZones"  widget-type="7"/> -->
        <visualization id="VitaraHCWordCloud" desc="Vitara Word Cloud" scope="19" projects="" style-name="VitaraD3WordCloudStyle" is-mojo="true" attribute-minimum="1" metric-minimum="1" drop-zones="plugins.VitaraCharts.v460750.dropZones.VitaraD3WordCloudDropZones"  widget-type="7"/>
        <!-- <visualization id="VitaraHCWordCloud" desc="Vitara Word Cloud" scope="19" projects="" style-name="VitaraWordCloudStyle" is-mojo="true" attribute-minimum="1" metric-minimum="1" drop-zones="plugins.VitaraCharts.v460750.dropZones.VitaraD3WordCloudDropZones"  widget-type="7"/> -->
        <visualization id="VitaraHCHistogramChart" desc="Vitara Histogram Chart" scope="19" projects="" style-name="HCHistogramChart" is-mojo="true" attribute-minimum="1" metric-minimum="1" drop-zones="plugins.VitaraCharts.v460750.dropZones.VitaraHCHistogramDropZones" widget-type="7"/>
        <visualization id="VitaraMicroChart" desc="Vitara Micro Chart" scope="19" projects="" style-name="VitaraMicroChart" is-mojo="true" attribute-minimum="2" metric-minimum="1" drop-zones="plugins.VitaraCharts.v460750.dropZones.VitaraMicroChartDropZones" widget-type="7"/>
        <visualization id="VitaraHCDumbbellChart" desc="Vitara Dumbbell Chart" scope="19" projects="" style-name="HCDumbbellChart" is-mojo="true" attribute-minimum="1" metric-minimum="2" drop-zones="plugins.VitaraCharts.v460750.dropZones.VitaraHCDumbbellDropZones" widget-type="7"/>
        <visualization id="VitaraHCSlopeChart" desc="Vitara Slope Chart" scope="19" projects="" style-name="HCSlopeChart" is-mojo="true" attribute-minimum="1" metric-minimum="2" drop-zones="plugins.VitaraCharts.v460750.dropZones.VitaraHCSlopeDropZones" widget-type="7"/>
        <visualization id="VitaraD3CirclePackingChart" desc="Vitara Packed Bubble Chart" scope="19" projects="" style-name="D3CirclePackingChart" is-mojo="true" attribute-minimum="1" metric-minimum="1" drop-zones="plugins.VitaraCharts.v460750.dropZones.VitaraD3CirclePackedChartDropZones" widget-type="7"/>
        <visualization id="VitaraHCAngularGaugeChart" desc="Vitara Angular Gauge Chart" scope="19" projects="" style-name="HCAngularGaugeChart" is-mojo="true" attribute-minimum="0" metric-minimum="1" drop-zones="plugins.VitaraCharts.v460750.dropZones.VitaraHCAngularGaugeDropZones" widget-type="7"/>
        <visualization id="VitaraHCSankeyChart" desc="Vitara Sankey Chart" scope="19" projects="" style-name="HCSankeyChart" is-mojo="true" attribute-minimum="2" metric-minimum="1" drop-zones="plugins.VitaraCharts.v460750.dropZones.VitaraHCSankeyDropZones" widget-type="7"/>
    </visualization-list>
</visualizations>
