<?xml version="1.0" encoding="UTF-8" standalone="no"?>
<!DOCTYPE StyleCatalog SYSTEM "styleCatalog.dtd">
<StyleCatalog version="2.0">
    <TransformDefns>
            <TransformDefn
                class="com.vitara.sf.transform.VitaraReportAjaxMojoVisualizationTransform"
                name="VitaraReportAjaxMojoVisualizationTransform" />
            <TransformDefn
			          class="com.vitara.sf.transform.VitaraMojoVisualizationSimplifiedDataTransform"
			          name="VitaraMojoVisualizationSimplifiedDataTransform" />
    </TransformDefns>
    <Styles>
       <Style name="VitaraReportXmlStyle" transform="VitaraMojoVisualizationSimplifiedDataTransform">
            <ActualParameters>
              <ActualParameter name="contentType" type="1" value="JSON" />
              <ActualParameter name="includeThreshold" type="4" value="true" />
              <ActualParameter name="includeCSS" type="4" value="false" />
              <ActualParameter name="includeGridHeaders" type="4" value="true" />
              <ActualParameter name="includeColWidths" type="4" value="false" />
              <ActualParameter name="includeElementID" type="4" value="true" />
              <ActualParameter name="useRawValues" type="4" value="true" />
            </ActualParameters>
       </Style>
       <Style name="HCBarChart" description="Vitara HC Bar Chart" transform="VitaraReportAjaxMojoVisualizationTransform">
            <ActualParameters>
                <ActualParameter name="documentStyle" type="1" value="RWGridJsonStyle" />
                <ActualParameter name="reportXMLStyle" type="1" value="VitaraReportXmlStyle" />
                <ActualParameter name="mojoClassName" type="1" value="plugins.VitaraCharts.v460750.VitaraHCBarChart"/>
            </ActualParameters>
            <Layouts>
                <Layout layout_source="AppLayoutSourceFile" order="1">
                    <![CDATA[/WEB-INF/xml/layouts/MojoVisualizationLayout.xml]]>
                </Layout>
            </Layouts>
        </Style>
        <Style name="HCStackedBarChart" description="Vitara HC Stacked Bar Chart" transform="VitaraReportAjaxMojoVisualizationTransform">
            <ActualParameters>
                <ActualParameter name="documentStyle" type="1" value="RWGridJsonStyle" />
                <ActualParameter name="reportXMLStyle" type="1" value="VitaraReportXmlStyle" />
                <ActualParameter name="mojoClassName" type="1" value="plugins.VitaraCharts.v460750.VitaraHCStackedBarChart"/>
            </ActualParameters>
            <Layouts>
                <Layout layout_source="AppLayoutSourceFile" order="1">
                    <![CDATA[/WEB-INF/xml/layouts/MojoVisualizationLayout.xml]]>
                </Layout>
            </Layouts>
        </Style>
        <Style name="HCLineChart" description="Vitara HC Line Chart" transform="VitaraReportAjaxMojoVisualizationTransform">
            <ActualParameters>
                <ActualParameter name="documentStyle" type="1" value="RWGridJsonStyle" />
                <ActualParameter name="reportXMLStyle" type="1" value="VitaraReportXmlStyle" />
                <ActualParameter name="mojoClassName" type="1" value="plugins.VitaraCharts.v460750.VitaraHCLineChart"/>
            </ActualParameters>
            <Layouts>
                <Layout layout_source="AppLayoutSourceFile" order="1">
                    <![CDATA[/WEB-INF/xml/layouts/MojoVisualizationLayout.xml]]>
                </Layout>
            </Layouts>
        </Style>
        <Style name="HCAreaChart" description="Vitara HC Area Chart" transform="VitaraReportAjaxMojoVisualizationTransform">
            <ActualParameters>
                <ActualParameter name="documentStyle" type="1" value="RWGridJsonStyle" />
                <ActualParameter name="reportXMLStyle" type="1" value="VitaraReportXmlStyle" />
                <ActualParameter name="mojoClassName" type="1" value="plugins.VitaraCharts.v460750.VitaraHCAreaChart"/>
            </ActualParameters>
            <Layouts>
                <Layout layout_source="AppLayoutSourceFile" order="1">
                    <![CDATA[/WEB-INF/xml/layouts/MojoVisualizationLayout.xml]]>
                </Layout>
            </Layouts>
        </Style>
        <Style name="HCBubbleChart" description="Vitara HC Bubble Chart" transform="VitaraReportAjaxMojoVisualizationTransform">
            <ActualParameters>
                <ActualParameter name="documentStyle" type="1" value="RWGridJsonStyle" />
                <ActualParameter name="reportXMLStyle" type="1" value="VitaraReportXmlStyle" />
                <ActualParameter name="mojoClassName" type="1" value="plugins.VitaraCharts.v460750.VitaraHCBubbleChart"/>
            </ActualParameters>
            <Layouts>
                <Layout layout_source="AppLayoutSourceFile" order="1">
                    <![CDATA[/WEB-INF/xml/layouts/MojoVisualizationLayout.xml]]>
                </Layout>
            </Layouts>
        </Style>
         <Style name="HCScatterChart" description="Vitara HC Scatter Chart" transform="VitaraReportAjaxMojoVisualizationTransform">
            <ActualParameters>
                <ActualParameter name="documentStyle" type="1" value="RWGridJsonStyle" />
                <ActualParameter name="reportXMLStyle" type="1" value="VitaraReportXmlStyle" />
                <ActualParameter name="mojoClassName" type="1" value="plugins.VitaraCharts.v460750.VitaraHCScatterChart"/>
            </ActualParameters>
            <Layouts>
                <Layout layout_source="AppLayoutSourceFile" order="1">
                    <![CDATA[/WEB-INF/xml/layouts/MojoVisualizationLayout.xml]]>
                </Layout>
            </Layouts>
        </Style>
        <Style name="HCSparklineChart" description="Vitara HC Sparkline Chart" transform="VitaraReportAjaxMojoVisualizationTransform">
            <ActualParameters>
                <ActualParameter name="documentStyle" type="1" value="RWGridJsonStyle" />
                <ActualParameter name="reportXMLStyle" type="1" value="VitaraReportXmlStyle" />
                <ActualParameter name="mojoClassName" type="1" value="plugins.VitaraCharts.v460750.VitaraHCSparklineChart"/>
            </ActualParameters>
            <Layouts>
                <Layout layout_source="AppLayoutSourceFile" order="1">
                    <![CDATA[/WEB-INF/xml/layouts/MojoVisualizationLayout.xml]]>
                </Layout>
            </Layouts>
        </Style>
        <Style name="HCColumnChart" description="Vitara HC Column Chart" transform="VitaraReportAjaxMojoVisualizationTransform">
            <ActualParameters>
                <ActualParameter name="documentStyle" type="1" value="RWGridJsonStyle" />
                <ActualParameter name="reportXMLStyle" type="1" value="VitaraReportXmlStyle" />
                <ActualParameter name="mojoClassName" type="1" value="plugins.VitaraCharts.v460750.VitaraHCColumnChart"/>
            </ActualParameters>
            <Layouts>
                <Layout layout_source="AppLayoutSourceFile" order="1">
                    <![CDATA[/WEB-INF/xml/layouts/MojoVisualizationLayout.xml]]>
                </Layout>
            </Layouts>
        </Style>
        <Style name="HCStackedColumnChart" description="Vitara HC Stacked Column Chart" transform="VitaraReportAjaxMojoVisualizationTransform">
            <ActualParameters>
                <ActualParameter name="documentStyle" type="1" value="RWGridJsonStyle" />
                <ActualParameter name="reportXMLStyle" type="1" value="VitaraReportXmlStyle" />
                <ActualParameter name="mojoClassName" type="1" value="plugins.VitaraCharts.v460750.VitaraHCStackedColumnChart"/>
            </ActualParameters>
            <Layouts>
                <Layout layout_source="AppLayoutSourceFile" order="1">
                    <![CDATA[/WEB-INF/xml/layouts/MojoVisualizationLayout.xml]]>
                </Layout>
            </Layouts>
        </Style>
        <Style name="HCPieChart" description="Vitara HC Pie Chart" transform="VitaraReportAjaxMojoVisualizationTransform">
            <ActualParameters>
                <ActualParameter name="documentStyle" type="1" value="RWGridJsonStyle" />
                <ActualParameter name="reportXMLStyle" type="1" value="VitaraReportXmlStyle" />
                <ActualParameter name="mojoClassName" type="1" value="plugins.VitaraCharts.v460750.VitaraHCPieChart"/>
            </ActualParameters>
            <Layouts>
                <Layout layout_source="AppLayoutSourceFile" order="1">
                    <![CDATA[/WEB-INF/xml/layouts/MojoVisualizationLayout.xml]]>
                </Layout>
            </Layouts>
        </Style>
        <Style name="HCKPIRingChart" description="Vitara HC KPI Ring Chart" transform="VitaraReportAjaxMojoVisualizationTransform">
            <ActualParameters>
                <ActualParameter name="documentStyle" type="1" value="RWGridJsonStyle" />
                <ActualParameter name="reportXMLStyle" type="1" value="VitaraReportXmlStyle" />
                <ActualParameter name="mojoClassName" type="1" value="plugins.VitaraCharts.v460750.VitaraHCKPIRingChart"/>
            </ActualParameters>
            <Layouts>
                <Layout layout_source="AppLayoutSourceFile" order="1">
                    <![CDATA[/WEB-INF/xml/layouts/MojoVisualizationLayout.xml]]>
                </Layout>
            </Layouts>
        </Style>
        <Style name="HCTornadoChart" description="Vitara HC Tornado Chart" transform="VitaraReportAjaxMojoVisualizationTransform">
            <ActualParameters>
                <ActualParameter name="documentStyle" type="1" value="RWGridJsonStyle" />
                <ActualParameter name="reportXMLStyle" type="1" value="VitaraReportXmlStyle" />
                <ActualParameter name="mojoClassName" type="1" value="plugins.VitaraCharts.v460750.VitaraHCTornadoChart"/>
            </ActualParameters>
            <Layouts>
                <Layout layout_source="AppLayoutSourceFile" order="1">
                    <![CDATA[/WEB-INF/xml/layouts/MojoVisualizationLayout.xml]]>
                </Layout>
            </Layouts>
        </Style>
        <Style name="HCSpacer" description="Vitara Text" transform="VitaraReportAjaxMojoVisualizationTransform">
            <ActualParameters>
                <ActualParameter name="documentStyle" type="1" value="RWGridJsonStyle" />
                <ActualParameter name="reportXMLStyle" type="1" value="VitaraReportXmlStyle" />
                <ActualParameter name="mojoClassName" type="1" value="plugins.VitaraCharts.v460750.VitaraHCSpacerChart"/>
            </ActualParameters>
            <Layouts>
                <Layout layout_source="AppLayoutSourceFile" order="1">
                    <![CDATA[/WEB-INF/xml/layouts/MojoVisualizationLayout.xml]]>
                </Layout>
            </Layouts>
        </Style>
        <Style name="HCFunnelChart" description="Vitara HC Funnel Chart" transform="VitaraReportAjaxMojoVisualizationTransform">
            <ActualParameters>
                <ActualParameter name="documentStyle" type="1" value="RWGridJsonStyle" />
                <ActualParameter name="reportXMLStyle" type="1" value="VitaraReportXmlStyle" />
                <ActualParameter name="mojoClassName" type="1" value="plugins.VitaraCharts.v460750.VitaraHCFunnelChart"/>
            </ActualParameters>
            <Layouts>
                <Layout layout_source="AppLayoutSourceFile" order="1">
                    <![CDATA[/WEB-INF/xml/layouts/MojoVisualizationLayout.xml]]>
                </Layout>
            </Layouts>
        </Style>
        <Style name="HCHeatmapChart" description="Vitara HC Heatmap Chart" transform="VitaraReportAjaxMojoVisualizationTransform">
            <ActualParameters>
                <ActualParameter name="documentStyle" type="1" value="RWGridJsonStyle" />
                <ActualParameter name="reportXMLStyle" type="1" value="VitaraReportXmlStyle" />
                <ActualParameter name="mojoClassName" type="1" value="plugins.VitaraCharts.v460750.VitaraHCHeatmapChart"/>
            </ActualParameters>
            <Layouts>
                <Layout layout_source="AppLayoutSourceFile" order="1">
                    <![CDATA[/WEB-INF/xml/layouts/MojoVisualizationLayout.xml]]>
                </Layout>
            </Layouts>
        </Style>
        <Style name="HCBulletChart" description="Vitara HC Bullet Chart" transform="VitaraReportAjaxMojoVisualizationTransform">
            <ActualParameters>
                <ActualParameter name="documentStyle" type="1" value="RWGridJsonStyle" />
                <ActualParameter name="reportXMLStyle" type="1" value="VitaraReportXmlStyle" />
                <ActualParameter name="mojoClassName" type="1" value="plugins.VitaraCharts.v460750.VitaraHCBulletChart"/>
            </ActualParameters>
            <Layouts>
                <Layout layout_source="AppLayoutSourceFile" order="1">
                    <![CDATA[/WEB-INF/xml/layouts/MojoVisualizationLayout.xml]]>
                </Layout>
            </Layouts>
        </Style>
        <Style name="HCColumnRangeChart" description="Vitara HC ColumnRange Chart" transform="VitaraReportAjaxMojoVisualizationTransform">
            <ActualParameters>
                <ActualParameter name="documentStyle" type="1" value="RWGridJsonStyle" />
                <ActualParameter name="reportXMLStyle" type="1" value="VitaraReportXmlStyle" />
                <ActualParameter name="mojoClassName" type="1" value="plugins.VitaraCharts.v460750.VitaraHCColumnRangeChart"/>
            </ActualParameters>
            <Layouts>
                <Layout layout_source="AppLayoutSourceFile" order="1">
                    <![CDATA[/WEB-INF/xml/layouts/MojoVisualizationLayout.xml]]>
                </Layout>
            </Layouts>
        </Style>
        <Style name="HCDumbbellChart" description="Vitara Dumbbell Chart" transform="VitaraReportAjaxMojoVisualizationTransform">
            <ActualParameters>
                <ActualParameter name="documentStyle" type="1" value="RWGridJsonStyle" />
                <ActualParameter name="reportXMLStyle" type="1" value="VitaraReportXmlStyle" />
                <ActualParameter name="mojoClassName" type="1" value="plugins.VitaraCharts.v460750.VitaraHCDumbbellChart"/>
            </ActualParameters>
            <Layouts>
                <Layout layout_source="AppLayoutSourceFile" order="1">
                    <![CDATA[/WEB-INF/xml/layouts/MojoVisualizationLayout.xml]]>
                </Layout>
            </Layouts>
        </Style>
        <Style name="HCWaterfallChart" description="Vitara HC Waterfall Chart" transform="VitaraReportAjaxMojoVisualizationTransform">
            <ActualParameters>
                <ActualParameter name="documentStyle" type="1" value="RWGridJsonStyle" />
                <ActualParameter name="reportXMLStyle" type="1" value="VitaraReportXmlStyle" />
                <ActualParameter name="mojoClassName" type="1" value="plugins.VitaraCharts.v460750.VitaraHCWaterfallChart"/>
            </ActualParameters>
            <Layouts>
                <Layout layout_source="AppLayoutSourceFile" order="1">
                    <![CDATA[/WEB-INF/xml/layouts/MojoVisualizationLayout.xml]]>
                </Layout>
            </Layouts>
        </Style>
        <Style name="D3KPIAnimationChart" description="Vitara D3 KPI Animation Chart" transform="VitaraReportAjaxMojoVisualizationTransform">
            <ActualParameters>
                <ActualParameter name="documentStyle" type="1" value="RWGridJsonStyle" />
                <ActualParameter name="reportXMLStyle" type="1" value="VitaraReportXmlStyle" />
                <ActualParameter name="mojoClassName" type="1" value="plugins.VitaraCharts.v460750.VitaraD3KPIAnimationChart"/>
            </ActualParameters>
            <Layouts>
                <Layout layout_source="AppLayoutSourceFile" order="1">
                    <![CDATA[/WEB-INF/xml/layouts/MojoVisualizationLayout.xml]]>
                </Layout>
            </Layouts>
        </Style>
        <Style name="VitaraD3CalHeatMapChart" description="Vitara D3 Calender Heatmap Chart" transform="VitaraReportAjaxMojoVisualizationTransform">
            <ActualParameters>
                <ActualParameter name="documentStyle" type="1" value="RWGridJsonStyle" />
                <ActualParameter name="reportXMLStyle" type="1" value="VitaraReportXmlStyle" />
                <ActualParameter name="mojoClassName" type="1" value="plugins.VitaraCharts.v460750.VitaraD3CalHeatMapChart"/>
            </ActualParameters>
            <Layouts>
                <Layout layout_source="AppLayoutSourceFile" order="1">
                    <![CDATA[/WEB-INF/xml/layouts/MojoVisualizationLayout.xml]]>
                </Layout>
            </Layouts>
        </Style>

          <Style name="VitaraHCTrellisChart" description="Vitara HC Trellis Chart" transform="VitaraReportAjaxMojoVisualizationTransform">
            <ActualParameters>
                <ActualParameter name="documentStyle" type="1" value="RWGridJsonStyle" />
                <ActualParameter name="reportXMLStyle" type="1" value="VitaraReportXmlStyle" />
                <ActualParameter name="mojoClassName" type="1" value="plugins.VitaraCharts.v460750.VitaraHCTrellisChart"/>
            </ActualParameters>
            <Layouts>
                <Layout layout_source="AppLayoutSourceFile" order="1">
                    <![CDATA[/WEB-INF/xml/layouts/MojoVisualizationLayout.xml]]>
                </Layout>
            </Layouts>
        </Style>
        <Style name="SimpleKPIChart" description="Vitara Simple KPI Chart" transform="VitaraReportAjaxMojoVisualizationTransform">
            <ActualParameters>
                <ActualParameter name="documentStyle" type="1" value="RWGridJsonStyle" />
                <ActualParameter name="reportXMLStyle" type="1" value="VitaraReportXmlStyle" />
                <ActualParameter name="mojoClassName" type="1" value="plugins.VitaraCharts.v460750.VitaraSimpleKPIChart"/>
            </ActualParameters>
            <Layouts>
                <Layout layout_source="AppLayoutSourceFile" order="1">
                    <![CDATA[/WEB-INF/xml/layouts/MojoVisualizationLayout.xml]]>
                </Layout>
            </Layouts>
        </Style>
      
        <Style name="GridChart" description="Vitara Simple Grid Chart" transform="VitaraReportAjaxMojoVisualizationTransform">
            <ActualParameters>
                <ActualParameter name="documentStyle" type="1" value="RWGridJsonStyle" />
                <ActualParameter name="reportXMLStyle" type="1" value="VitaraReportXmlStyle" />
                <ActualParameter name="mojoClassName" type="1" value="plugins.VitaraCharts.v460750.VitaraGridChart"/>
            </ActualParameters>
            <Layouts>
                <Layout layout_source="AppLayoutSourceFile" order="1">
                    <![CDATA[/WEB-INF/xml/layouts/MojoVisualizationLayout.xml]]>
                </Layout>
            </Layouts>
        </Style>
        <Style name="D3SparklineChart" description="Vitara D3 Sparkline Chart" transform="VitaraReportAjaxMojoVisualizationTransform">
            <ActualParameters>
                <ActualParameter name="documentStyle" type="1" value="RWGridJsonStyle" />
                <ActualParameter name="reportXMLStyle" type="1" value="VitaraReportXmlStyle" />
                <ActualParameter name="mojoClassName" type="1" value="plugins.VitaraCharts.v460750.VitaraNVD3SparklineChart"/>
            </ActualParameters>
            <Layouts>
                <Layout layout_source="AppLayoutSourceFile" order="1">
                    <![CDATA[/WEB-INF/xml/layouts/MojoVisualizationLayout.xml]]>
                </Layout>
            </Layouts>
        </Style>
        <Style name="D3SunburstChart" description="Vitara D3 Sunburst Chart" transform="VitaraReportAjaxMojoVisualizationTransform">
            <ActualParameters>
                <ActualParameter name="documentStyle" type="1" value="RWGridJsonStyle" />
                <ActualParameter name="reportXMLStyle" type="1" value="VitaraReportXmlStyle" />
                <ActualParameter name="mojoClassName" type="1" value="plugins.VitaraCharts.v460750.VitaraD3SunburstChart"/>
            </ActualParameters>
            <Layouts>
                <Layout layout_source="AppLayoutSourceFile" order="1">
                    <![CDATA[/WEB-INF/xml/layouts/MojoVisualizationLayout.xml]]>
                </Layout>
            </Layouts>
        </Style>
        <Style name="VitaraD3WordCloudStyle" description="Vitara Word Cloud" transform="VitaraReportAjaxMojoVisualizationTransform">
            <ActualParameters>
                <ActualParameter name="documentStyle" type="1" value="RWGridJsonStyle" />
                <ActualParameter name="reportXMLStyle" type="1" value="VitaraReportXmlStyle" />
                <ActualParameter name="mojoClassName" type="1" value="plugins.VitaraCharts.v460750.VitaraHCWordCloud"/>
            </ActualParameters>
            <Layouts>
                <Layout layout_source="AppLayoutSourceFile" order="1">
                    <![CDATA[/WEB-INF/xml/layouts/MojoVisualizationLayout.xml]]>
                </Layout>
            </Layouts>
        </Style>
        <Style name="VitaraWordCloudStyle" description="Vitara Word Cloud" transform="VitaraReportAjaxMojoVisualizationTransform">
            <ActualParameters>
                <ActualParameter name="documentStyle" type="1" value="RWGridJsonStyle" />
                <ActualParameter name="reportXMLStyle" type="1" value="VitaraReportXmlStyle" />
                <ActualParameter name="mojoClassName" type="1" value="plugins.VitaraCharts.v460750.VitaraHCWordCloud"/>
            </ActualParameters>
            <Layouts>
                <Layout layout_source="AppLayoutSourceFile" order="1">
                    <![CDATA[/WEB-INF/xml/layouts/MojoVisualizationLayout.xml]]>
                </Layout>
            </Layouts>
        </Style>
        <Style name="VitaraMekkoChart" description="Vitara Mekko Chart" transform="VitaraReportAjaxMojoVisualizationTransform">
            <ActualParameters>
                <ActualParameter name="documentStyle" type="1" value="RWGridJsonStyle" />
                <ActualParameter name="reportXMLStyle" type="1" value="VitaraReportXmlStyle" />
                <ActualParameter name="mojoClassName" type="1" value="plugins.VitaraCharts.v460750.VitaraHCMekkoChart"/>
            </ActualParameters>
            <Layouts>
                <Layout layout_source="AppLayoutSourceFile" order="1">
                    <![CDATA[/WEB-INF/xml/layouts/MojoVisualizationLayout.xml]]>
                </Layout>
            </Layouts>
        </Style>
        <Style name="VitaraMicroChart" description="Vitara Micro Chart" transform="VitaraReportAjaxMojoVisualizationTransform">
            <ActualParameters>
                <ActualParameter name="documentStyle" type="1" value="RWGridJsonStyle" />
                <ActualParameter name="reportXMLStyle" type="1" value="VitaraReportXmlStyle" />
                <ActualParameter name="mojoClassName" type="1" value="plugins.VitaraCharts.v460750.VitaraMicroChart"/>
            </ActualParameters>
            <Layouts>
                <Layout layout_source="AppLayoutSourceFile" order="1">
                    <![CDATA[/WEB-INF/xml/layouts/MojoVisualizationLayout.xml]]>
                </Layout>
            </Layouts>
        </Style>    
        <Style name="D3WaffleChart" description="Vitara D3Waffle Chart" transform="VitaraReportAjaxMojoVisualizationTransform">
            <ActualParameters>
                <ActualParameter name="documentStyle" type="1" value="RWGridJsonStyle" />
                <ActualParameter name="reportXMLStyle" type="1" value="VitaraReportXmlStyle" />
                <ActualParameter name="mojoClassName" type="1" value="plugins.VitaraCharts.v460750.VitaraD3WaffleChart"/>
            </ActualParameters>
            <Layouts>
                <Layout layout_source="AppLayoutSourceFile" order="1">
                    <![CDATA[/WEB-INF/xml/layouts/MojoVisualizationLayout.xml]]>
                </Layout>
            </Layouts>
        </Style>
        <Style name="HCHistogramChart" description="Vitara Histogram Chart" transform="VitaraReportAjaxMojoVisualizationTransform">
            <ActualParameters>
                <ActualParameter name="documentStyle" type="1" value="RWGridJsonStyle" />
                <ActualParameter name="reportXMLStyle" type="1" value="VitaraReportXmlStyle" />
                <ActualParameter name="mojoClassName" type="1" value="plugins.VitaraCharts.v460750.VitaraHCHistogramChart"/>
            </ActualParameters>
            <Layouts>
                <Layout layout_source="AppLayoutSourceFile" order="1">
                    <![CDATA[/WEB-INF/xml/layouts/MojoVisualizationLayout.xml]]>
                </Layout>
            </Layouts>
        </Style>
        <Style name="HCSlopeChart" description="Vitara Slope Chart" transform="VitaraReportAjaxMojoVisualizationTransform">
            <ActualParameters>
                <ActualParameter name="documentStyle" type="1" value="RWGridJsonStyle" />
                <ActualParameter name="reportXMLStyle" type="1" value="VitaraReportXmlStyle" />
                <ActualParameter name="mojoClassName" type="1" value="plugins.VitaraCharts.v460750.VitaraHCSlopeChart"/>
            </ActualParameters>
            <Layouts>
                <Layout layout_source="AppLayoutSourceFile" order="1">
                    <![CDATA[/WEB-INF/xml/layouts/MojoVisualizationLayout.xml]]>
                </Layout>
            </Layouts>
        </Style>
        <Style name="D3CirclePackingChart" description="Vitara Circle Packing Chart" transform="VitaraReportAjaxMojoVisualizationTransform">
            <ActualParameters>
                <ActualParameter name="documentStyle" type="1" value="RWGridJsonStyle" />
                <ActualParameter name="reportXMLStyle" type="1" value="VitaraReportXmlStyle" />
                <ActualParameter name="mojoClassName" type="1" value="plugins.VitaraCharts.v460750.VitaraD3CirclePackingChart"/>
            </ActualParameters>
            <Layouts>
                <Layout layout_source="AppLayoutSourceFile" order="1">
                    <![CDATA[/WEB-INF/xml/layouts/MojoVisualizationLayout.xml]]>
                </Layout>
            </Layouts>
        </Style>
        <Style name="HCAngularGaugeChart" description="Vitara HC Angular Gauge Chart" transform="VitaraReportAjaxMojoVisualizationTransform">
            <ActualParameters>
                <ActualParameter name="documentStyle" type="1" value="RWGridJsonStyle" />
                <ActualParameter name="reportXMLStyle" type="1" value="VitaraReportXmlStyle" />
                <ActualParameter name="mojoClassName" type="1" value="plugins.VitaraCharts.v460750.VitaraHCAngularGaugeChart"/>
            </ActualParameters>
            <Layouts>
                <Layout layout_source="AppLayoutSourceFile" order="1">
                    <![CDATA[/WEB-INF/xml/layouts/MojoVisualizationLayout.xml]]>
                </Layout>
            </Layouts>
        </Style>
        <Style name="HCSankeyChart" description="Vitara Sankey Chart" transform="VitaraReportAjaxMojoVisualizationTransform">
            <ActualParameters>
                <ActualParameter name="documentStyle" type="1" value="RWGridJsonStyle" />
                <ActualParameter name="reportXMLStyle" type="1" value="VitaraReportXmlStyle" />
                <ActualParameter name="mojoClassName" type="1" value="plugins.VitaraCharts.v460750.VitaraHCSankeyChart"/>
            </ActualParameters>
            <Layouts>
                <Layout layout_source="AppLayoutSourceFile" order="1">
                    <![CDATA[/WEB-INF/xml/layouts/MojoVisualizationLayout.xml]]>
                </Layout>
            </Layouts>
        </Style>
        <!--<Style name="HCDrillChart" description="Vitara Drill Chart" transform="VitaraReportAjaxMojoVisualizationTransform">
            <ActualParameters>
                <ActualParameter name="documentStyle" type="1" value="RWGridJsonStyle" />
                <ActualParameter name="reportXMLStyle" type="1" value="VitaraReportXmlStyle" />
                <ActualParameter name="mojoClassName" type="1" value="plugins.VitaraCharts.v460750.VitaraDrillChart"/>
            </ActualParameters>
            <Layouts>
                <Layout layout_source="AppLayoutSourceFile" order="1">
                    <![CDATA[/WEB-INF/xml/layouts/MojoVisualizationLayout.xml]]>
                </Layout>
            </Layouts>
        </Style>
        <Style name="HCTileMapChart" description="Vitara HC Tilemap Chart" transform="VitaraReportAjaxMojoVisualizationTransform">
            <ActualParameters>
                <ActualParameter name="documentStyle" type="1" value="RWGridJsonStyle" />
                <ActualParameter name="reportXMLStyle" type="1" value="VitaraReportXmlStyle" />
                <ActualParameter name="mojoClassName" type="1" value="plugins.VitaraCharts.v460750.VitaraHCTileMapChart"/>
            </ActualParameters>
            <Layouts>
                <Layout layout_source="AppLayoutSourceFile" order="1">
                    <![CDATA[/WEB-INF/xml/layouts/MojoVisualizationLayout.xml]]>
                </Layout>
            </Layouts>
        </Style>

        <Style name="HCDrillChart2" description="Vitara HC Drill Chart 2" transform="VitaraReportAjaxMojoVisualizationTransform">
            <ActualParameters>
                <ActualParameter name="documentStyle" type="1" value="RWGridJsonStyle" />
                <ActualParameter name="reportXMLStyle" type="1" value="VitaraReportXmlStyle" />
                <ActualParameter name="mojoClassName" type="1" value="plugins.VitaraCharts.v460750.VitaraHCDrillChart"/>
            </ActualParameters>
            <Layouts>
                <Layout layout_source="AppLayoutSourceFile" order="1">
                    <![CDATA[/WEB-INF/xml/layouts/MojoVisualizationLayout.xml]]>
                </Layout>
            </Layouts>
        </Style>-->

    </Styles>
</StyleCatalog>
